INSERT INTO `users` (`id`, `username`, `email`, `password`, `first_name`, `middle_name`, `last_name`, `country`, `city`,
                     `address`, `postal_code`, `phone`, `fax`, `is_active`, `account_type`, `created_at`, `updated_at`)
VALUES ('9a387cc7-b34d-4ccc-af83-4472fe8f28db', 'peraperic', 'peraperic@mail.com',
        '$2y$10$Mdjz.ZUS2uOiupBdFp5/9uQowWO19sQqocOt5jzqEhS0PmsWBwuvO', 'Pera', NULL, 'Peric', 'RS', 'Sabac',
        'Ulica bb.', '15000', '015390888', NULL, 1, 'ADMINISTRATOR', '2023-09-25 18:33:43', '2023-09-25 18:33:43');
INSERT INTO `companies` (`id`, `company_id`, `tax_code`, `reg_id`, `vat_id`, `name`, `category`, `country`, `place`,
                         `postal_code`, `address`, `phone_num`, `fax`, `email`, `url`, `logo_url`, `created_at`,
                         `updated_at`, `user_id`)
VALUES ('9a3893cb-22cb-4cf2-97c6-930c7e6ddacd', 'LM3456', 'TAXCDBN', NULL, NULL, 'LM Company', 'LMWORK', 'AD', 'Ccambo',
        '22334', 'Franco Street', NULL, NULL, 'company@lm.rs', 'http://www.data.us',
        'https://www.creativefabrica.com/wp-content/uploads/2022/01/09/Initial-Letter-LM-Logo-Design-Graphics-23183614-1.jpg',
        '2023-09-25 19:38:04', '2023-10-21 17:16:39', '9a387cc7-b34d-4ccc-af83-4472fe8f28db'),
       ('9a38a93a-9077-420c-a22f-d038604284b3', 'DC12123432', 'TAX0001', NULL, NULL, 'DVI-A na HDMI adapter 1080p 60Hz',
        'Industry', 'AD', 'hfghfghf', '44332', 'Pavla Pavlovica 2', NULL, NULL, NULL, NULL, NULL, '2023-09-25 20:38:00',
        '2023-09-25 20:38:00', '9a387cc7-b34d-4ccc-af83-4472fe8f28db'),
       ('9a3a93f0-7274-42d3-bd99-c140653690e6', 'POKEMONSA', 'gfdgdf12r', 'REGBA123', NULL, 'ZN Servis', 'Industry',
        'AI', 'Zvornik', '3333', 'Cocombo 33', NULL, NULL, NULL, 'http://www.google.com', NULL, '2023-09-26 19:30:07',
        '2023-09-26 19:44:39', '9a387cc7-b34d-4ccc-af83-4472fe8f28db'),
       ('9a3a9b3f-78f8-4536-b15e-e8097f2547d7', 'LexsoftID12556', 'TAX7424', 'REG778231', 'VAT2233', 'Lexsoft',
        'PC Gaming', 'DE', 'Berlin', '34567', 'Main Street 11', '+578890922', NULL, 'lexsoft@mail.ge',
        'http://www.lexsoft.gr', NULL, '2023-09-26 19:50:34', '2023-09-26 19:50:34',
        '9a387cc7-b34d-4ccc-af83-4472fe8f28db');
INSERT INTO `recipients` (`id`, `tax_code`, `reg_id`, `vat_id`, `name`, `country`, `place`, `postal_code`, `address`,
                          `phone_num`, `fax`, `email`, `created_at`, `updated_at`, `company_id`)
VALUES ('9a70f5e0-cbaf-4ae4-8b3e-33eabbfe188d', 'TAX0001', 'RID1234', 'VAT23456', 'Maxim Company', 'BA', 'Place',
        '123456', 'Maksima Gorkog', '064559933', NULL, 'company@lm.rs', '2023-10-23 20:18:41', '2023-11-01 11:22:22',
        '9a3a93f0-7274-42d3-bd99-c140653690e6'),
       ('9a711416-f91b-4fce-9700-27cfa702699d', 'RecCoTaxCode', 'RecCoRegID', 'VatID', 'RecCo', 'ZM', 'Zambile',
        '30000', 'Zambile Main Street', NULL, NULL, 'reccoupdated@mail.com', '2023-10-23 21:43:10',
        '2023-10-24 16:17:26', '9a3a93f0-7274-42d3-bd99-c140653690e6'),
       ('9a725b75-cfbe-4c0f-b3c7-7d23a37529a2', '913279', '6-2-0598-181', '2440-2', 'Airwaves', 'RS', 'Beograd',
        '21000', 'Knez Mihajlova', '+38161349231', NULL, 'airwaves@mail.com', '2023-10-24 12:58:33',
        '2023-10-24 16:44:29', '9a3893cb-22cb-4cf2-97c6-930c7e6ddacd'),
       ('9a823c42-f954-4c2d-8d4f-98b1eec25e08', '43206958', NULL, '2009/4700', 'XCentric IT', 'AT', 'Novi Sad', '21102',
        'Bulevar Oslobođenja 65a', NULL, NULL, 'xcentric@it.com', '2023-11-01 11:24:34', '2023-11-01 11:24:34',
        '9a3a93f0-7274-42d3-bd99-c140653690e6');
INSERT INTO `bank_accounts` (`id`, `bank_identifier`, `name`, `iban`, `created_at`, `updated_at`, `company_id`,
                             `recipient_id`)
VALUES ('9a38942a-05cf-4f4f-9119-c2f3c314b587', 'BOFAUS3N11 CC', 'Erste Bank', '43243255000555', '2023-09-25 19:39:06',
        '2023-10-24 15:21:35', '9a3893cb-22cb-4cf2-97c6-930c7e6ddacd', NULL),
       ('9a38a93a-91dd-4517-ba39-e6d0bc687f86', '123', '423432', 'US0312345678901234567890123456789 CV',
        '2023-09-25 20:38:00', '2023-09-25 20:38:00', '9a38a93a-9077-420c-a22f-d038604284b3', NULL),
       ('9a3a93f0-7802-4e02-b159-d73be9e7ea58', '123', '456', '789', '2023-09-26 19:30:07', '2023-09-26 19:30:07',
        '9a3a93f0-7274-42d3-bd99-c140653690e6', NULL),
       ('9a3a9b3f-7b83-416f-8a04-d3e78d15162c', 'BANKGER123', 'Erste Bank', '12345', '2023-09-26 19:50:34',
        '2023-09-26 19:50:34', '9a3a9b3f-78f8-4536-b15e-e8097f2547d7', NULL),
       ('9a3a9b3f-7d1b-4f00-bd2c-59f7e8937356', 'BANKGER443', 'UniCredit Bank', '6342423523', '2023-09-26 19:50:34',
        '2023-09-26 19:50:34', '9a3a9b3f-78f8-4536-b15e-e8097f2547d7', NULL),
       ('9a70f5e0-cdf9-4371-b846-5461cd8bddf2', 'Something Normal1', 'Somedsre', '432-2111', '2023-10-23 20:18:41',
        '2023-11-01 11:22:32', NULL, '9a70f5e0-cbaf-4ae4-8b3e-33eabbfe188d'),
       ('9a711416-fbc3-4660-84b1-02fd83a99b02', 'Bank 10', 'Bank 10', '1001', '2023-10-23 21:43:10',
        '2023-10-23 21:43:10', NULL, '9a711416-f91b-4fce-9700-27cfa702699d'),
       ('9a711416-fd2e-41ca-8228-df7be2ec709a', 'Bank 20', 'Bank 20', '2002', '2023-10-23 21:43:10',
        '2023-10-23 21:43:10', NULL, '9a711416-f91b-4fce-9700-27cfa702699d'),
       ('9a711416-fee9-4969-800b-0e1d5f4dee3a', 'Bank 30', 'Bank 30', '3003', '2023-10-23 21:43:10',
        '2023-10-23 21:43:10', NULL, '9a711416-f91b-4fce-9700-27cfa702699d'),
       ('9a72609f-7a37-4861-9245-8ad0122b6f35', 'New Bank for Airwaves', 'New Bank for Airwaves NEW', '800-123456-7890',
        '2023-10-24 13:13:00', '2023-10-24 15:45:59', '9a3893cb-22cb-4cf2-97c6-930c7e6ddacd', NULL),
       ('9a72802a-eec7-4f32-ae02-d06c2fc1d324', 'New Recipient Bank', 'New recipient bank', '00900005643888',
        '2023-10-24 14:41:12', '2023-10-24 15:45:47', NULL, '9a725b75-cfbe-4c0f-b3c7-7d23a37529a2'),
       ('9a729a66-a732-4494-b59c-4518e4134382', 'SarajevoBank', 'Istocno Sarajevo Bank', '866-2390-004',
        '2023-10-24 15:54:33', '2023-10-24 15:54:49', '9a3a93f0-7274-42d3-bd99-c140653690e6', NULL),
       ('9a72a666-6651-46b8-8b9f-373b2041bcf6', 'Horrible', 'Product', '334455', '2023-10-24 16:28:06',
        '2023-10-24 16:28:06', NULL, '9a70f5e0-cbaf-4ae4-8b3e-33eabbfe188d'),
       ('9a72aaa7-08c2-4cea-9386-e1f5583d128d', 'Erste Bank', 'Erste Bank UPDATED', '0090000534543',
        '2023-10-24 16:40:00', '2023-10-24 16:40:06', NULL, '9a725b75-cfbe-4c0f-b3c7-7d23a37529a2'),
       ('9a823c42-fbd4-465b-abfa-62ecd7f75a42', 'OTPBANK', 'OTP Banka Novi Sad', '400-324000000-232',
        '2023-11-01 11:24:34', '2023-11-01 11:24:34', NULL, '9a823c42-f954-4c2d-8d4f-98b1eec25e08'),
       ('9a823c8f-236f-49dc-b909-be3a343a8887', 'ERSTEBANK', 'Erste Bank', '340-42394329-233', '2023-11-01 11:25:24',
        '2023-11-01 11:25:24', NULL, '9a823c42-f954-4c2d-8d4f-98b1eec25e08');
INSERT INTO `fiscal_years` (`id`, `year`, `is_closed`, `created_at`, `updated_at`, `company_id`)
VALUES ('9a3893cb-2553-4590-9ea5-5e198fcfcf6e', 2023, 0, '2023-09-25 19:38:04', '2023-09-25 19:38:04',
        '9a3893cb-22cb-4cf2-97c6-930c7e6ddacd'),
       ('9a38a93a-936e-442c-a195-7df18f3804ce', 2023, 0, '2023-09-25 20:38:00', '2023-09-25 20:38:00',
        '9a38a93a-9077-420c-a22f-d038604284b3'),
       ('9a3a93f0-7c1d-45c1-9f65-65a2879d89c4', 2023, 0, '2023-09-26 19:30:07', '2023-09-26 19:30:07',
        '9a3a93f0-7274-42d3-bd99-c140653690e6'),
       ('9a3a9b3f-7e76-4644-b63a-82eb2fe4fae4', 2023, 0, '2023-09-26 19:50:34', '2023-09-26 19:50:34',
        '9a3a9b3f-78f8-4536-b15e-e8097f2547d7'),
       ('9a3caba7-375f-4ed7-8a95-fd640a1e4668', 2023, 0, '2023-09-27 20:28:05', '2023-09-27 20:28:05',
        '9a3893cb-22cb-4cf2-97c6-930c7e6ddacd'),
       ('9a4485b0-f0e4-4248-ab16-f49722d2d554', 2023, 0, '2023-10-01 18:08:34', '2023-10-01 18:08:34',
        '9a3893cb-22cb-4cf2-97c6-930c7e6ddacd'),
       ('9a53c4aa-702a-4f41-bc2b-64a6ad9d412e', 2023, 0, '2023-10-09 08:02:04', '2023-10-09 08:02:04',
        '9a3893cb-22cb-4cf2-97c6-930c7e6ddacd'),
       ('9a563360-8383-4d05-a3ed-0d051b7446fb', 2023, 0, '2023-10-10 13:03:18', '2023-10-10 13:03:18',
        '9a3893cb-22cb-4cf2-97c6-930c7e6ddacd'),
       ('9a563574-1d83-461a-b42b-bc27b84f0137', 2023, 0, '2023-10-10 13:09:06', '2023-10-10 13:09:06',
        '9a3a93f0-7274-42d3-bd99-c140653690e6'),
       ('9a563b70-0817-4b2a-ac23-3295b39b57f4', 2023, 0, '2023-10-10 13:25:50', '2023-10-10 13:25:50',
        '9a3a93f0-7274-42d3-bd99-c140653690e6'),
       ('9a563e0f-de7b-4b3f-bd22-12bea7662cfc', 2023, 0, '2023-10-10 13:33:10', '2023-10-10 13:33:10',
        '9a3a93f0-7274-42d3-bd99-c140653690e6'),
       ('9a564a81-2f00-4e4e-acb8-b037b42d7896', 2023, 0, '2023-10-10 14:07:58', '2023-10-10 14:07:58',
        '9a3a93f0-7274-42d3-bd99-c140653690e6'),
       ('9a564bdc-bf00-4afc-b040-a64c8904ecc5', 2023, 0, '2023-10-10 14:11:46', '2023-10-10 14:11:46',
        '9a3a93f0-7274-42d3-bd99-c140653690e6'),
       ('9a580db1-dd82-4ecf-a620-5809791f8eed', 2023, 0, '2023-10-11 11:09:35', '2023-10-11 11:09:35',
        '9a3a93f0-7274-42d3-bd99-c140653690e6'),
       ('9a58167f-3e0f-44b7-8a3e-ecaed23a213e', 2023, 0, '2023-10-11 11:34:12', '2023-10-11 11:34:12',
        '9a3893cb-22cb-4cf2-97c6-930c7e6ddacd'),
       ('9a683808-9677-4efa-b1d9-7a93deff8fc9', 2023, 0, '2023-10-19 12:01:13', '2023-10-19 12:01:13',
        '9a3893cb-22cb-4cf2-97c6-930c7e6ddacd'),
       ('9a68380a-855f-4bf9-8a54-1e2f3cb4090e', 2023, 0, '2023-10-19 12:01:14', '2023-10-19 12:01:14',
        '9a3893cb-22cb-4cf2-97c6-930c7e6ddacd'),
       ('9a68380b-9ec4-4bcd-bbc1-2422ed4cd02d', 2023, 0, '2023-10-19 12:01:15', '2023-10-19 12:01:15',
        '9a3893cb-22cb-4cf2-97c6-930c7e6ddacd'),
       ('9a68380c-d129-4756-abc7-095e06fba2dc', 2023, 0, '2023-10-19 12:01:16', '2023-10-19 12:01:16',
        '9a3893cb-22cb-4cf2-97c6-930c7e6ddacd'),
       ('9a68380d-f845-4f0d-9387-284911235c20', 2023, 0, '2023-10-19 12:01:17', '2023-10-19 12:01:17',
        '9a3893cb-22cb-4cf2-97c6-930c7e6ddacd'),
       ('9a68380e-ff73-440d-80bc-9d33b5469f29', 2023, 0, '2023-10-19 12:01:17', '2023-10-19 12:01:17',
        '9a3893cb-22cb-4cf2-97c6-930c7e6ddacd'),
       ('9a683810-16b9-4bf3-802c-0c90328f83a5', 2023, 0, '2023-10-19 12:01:18', '2023-10-19 12:01:18',
        '9a3893cb-22cb-4cf2-97c6-930c7e6ddacd'),
       ('9a683811-179b-4635-870c-1d86cbe14acf', 2023, 0, '2023-10-19 12:01:19', '2023-10-19 12:01:19',
        '9a3893cb-22cb-4cf2-97c6-930c7e6ddacd'),
       ('9a683812-45f2-4b55-9b7c-af7fe64742e0', 2023, 0, '2023-10-19 12:01:19', '2023-10-19 12:01:19',
        '9a3893cb-22cb-4cf2-97c6-930c7e6ddacd'),
       ('9a683813-2a7e-4359-bf6e-6bdce2c099f8', 2023, 0, '2023-10-19 12:01:20', '2023-10-19 12:01:20',
        '9a3893cb-22cb-4cf2-97c6-930c7e6ddacd'),
       ('9a683814-0b6e-49dd-b2bb-1da9086f716e', 2023, 0, '2023-10-19 12:01:21', '2023-10-19 12:01:21',
        '9a3893cb-22cb-4cf2-97c6-930c7e6ddacd'),
       ('9a683815-0c7f-4be5-aaf4-eb5e80a231e7', 2023, 0, '2023-10-19 12:01:21', '2023-10-19 12:01:21',
        '9a3893cb-22cb-4cf2-97c6-930c7e6ddacd'),
       ('9a683816-2732-4320-a979-e429cb758029', 2023, 0, '2023-10-19 12:01:22', '2023-10-19 12:01:22',
        '9a3893cb-22cb-4cf2-97c6-930c7e6ddacd'),
       ('9a683817-303c-41ee-a27c-78f05a18d449', 2023, 0, '2023-10-19 12:01:23', '2023-10-19 12:01:23',
        '9a3893cb-22cb-4cf2-97c6-930c7e6ddacd'),
       ('9a683818-352f-4e22-9819-92a1db684c68', 2023, 0, '2023-10-19 12:01:23', '2023-10-19 12:01:23',
        '9a3893cb-22cb-4cf2-97c6-930c7e6ddacd'),
       ('9a683819-48ca-4878-a61c-394e9ccc4e25', 2023, 0, '2023-10-19 12:01:24', '2023-10-19 12:01:24',
        '9a3893cb-22cb-4cf2-97c6-930c7e6ddacd'),
       ('9a686a66-c465-4ecc-895f-743bf5d097d1', 2023, 0, '2023-10-19 14:22:03', '2023-10-19 14:22:03',
        '9a3893cb-22cb-4cf2-97c6-930c7e6ddacd'),
       ('9a686acf-49b9-437e-84a0-da1a8be715df', 2023, 0, '2023-10-19 14:23:12', '2023-10-19 14:23:12',
        '9a3893cb-22cb-4cf2-97c6-930c7e6ddacd'),
       ('9a686b06-6430-4a54-a148-7044b6b6e34c', 2023, 0, '2023-10-19 14:23:48', '2023-10-19 14:23:48',
        '9a3893cb-22cb-4cf2-97c6-930c7e6ddacd'),
       ('9a686c6c-6452-42ec-b9cf-25be40312662', 2023, 0, '2023-10-19 14:27:43', '2023-10-19 14:27:43',
        '9a3893cb-22cb-4cf2-97c6-930c7e6ddacd'),
       ('9a686d99-c315-4232-b4ec-089decdb1be8', 2023, 0, '2023-10-19 14:31:00', '2023-10-19 14:31:00',
        '9a3893cb-22cb-4cf2-97c6-930c7e6ddacd'),
       ('9a70f4be-1e46-4f4d-b3df-676a6ca30042', 2023, 0, '2023-10-23 20:15:31', '2023-10-23 20:15:31',
        '9a3893cb-22cb-4cf2-97c6-930c7e6ddacd'),
       ('9a70f697-a449-4617-9de1-07f04afac4cd', 2023, 0, '2023-10-23 20:20:41', '2023-10-23 20:20:41',
        '9a3a93f0-7274-42d3-bd99-c140653690e6');
INSERT INTO `invoice_closures` (`id`, `closure_date`, `closure_amount`, `created_at`, `updated_at`)
VALUES ('9a3caba7-3ee9-4582-a665-c46088a56266', NULL, 0.00, '2023-09-27 20:28:05', '2023-09-27 20:28:05'),
       ('9a4485b0-f94c-4fdd-8a6a-0687fc20558e', NULL, 0.00, '2023-10-01 18:08:34', '2023-10-01 18:08:34'),
       ('9a53c4aa-779a-4e55-84b0-b7745a824bf3', NULL, 0.00, '2023-10-09 08:02:04', '2023-10-09 08:02:04'),
       ('9a563360-8b79-4b86-ab5f-55ce49d9cc40', NULL, 0.00, '2023-10-10 13:03:18', '2023-10-10 13:03:18'),
       ('9a563574-23e8-467d-bfaa-9fb27650d10e', NULL, 0.00, '2023-10-10 13:09:06', '2023-10-10 13:09:06'),
       ('9a563b70-0fa4-4bdd-b5c6-e35a5c838ed4', NULL, 0.00, '2023-10-10 13:25:50', '2023-10-10 13:25:50'),
       ('9a563e0f-e50a-44ea-873c-c1abe85d3ba4', NULL, 0.00, '2023-10-10 13:33:10', '2023-10-10 13:33:10'),
       ('9a564a81-34b7-4082-a7ab-cad45133c2af', NULL, 0.00, '2023-10-10 14:07:58', '2023-10-10 14:07:58'),
       ('9a564bdc-c49b-434b-ae2f-6cc6eb892909', NULL, 0.00, '2023-10-10 14:11:46', '2023-10-10 14:11:46'),
       ('9a580db1-e5be-4281-92e3-d1e56558b628', NULL, 0.00, '2023-10-11 11:09:35', '2023-10-11 11:09:35'),
       ('9a58167f-4481-4018-9f11-c43fece9a955', NULL, 0.00, '2023-10-11 11:34:12', '2023-10-11 11:34:12'),
       ('9a683808-a0d8-4107-9bd8-ceb3797f8c08', NULL, 0.00, '2023-10-19 12:01:13', '2023-10-19 12:01:13'),
       ('9a68380a-8b16-4bfb-b4cd-658f12a4257e', NULL, 0.00, '2023-10-19 12:01:14', '2023-10-19 12:01:14'),
       ('9a68380b-a497-4788-ac30-dc04ace062c8', NULL, 0.00, '2023-10-19 12:01:15', '2023-10-19 12:01:15'),
       ('9a68380c-daa9-4b11-99f0-751764806714', NULL, 0.00, '2023-10-19 12:01:16', '2023-10-19 12:01:16'),
       ('9a68380e-02a3-4b36-9b86-3065707ce1b6', NULL, 0.00, '2023-10-19 12:01:17', '2023-10-19 12:01:17'),
       ('9a68380f-0a7c-40f6-acf1-8d00b237673e', NULL, 0.00, '2023-10-19 12:01:17', '2023-10-19 12:01:17'),
       ('9a683810-1dbb-436b-911a-f7b449b843b9', NULL, 0.00, '2023-10-19 12:01:18', '2023-10-19 12:01:18'),
       ('9a683811-213d-4d3f-a200-16e0f0ee3c0f', NULL, 0.00, '2023-10-19 12:01:19', '2023-10-19 12:01:19'),
       ('9a683812-4ccd-4a6d-9662-56588d2e0a4b', NULL, 0.00, '2023-10-19 12:01:19', '2023-10-19 12:01:19'),
       ('9a683813-2ffc-4188-a43f-3d9739befc0e', NULL, 0.00, '2023-10-19 12:01:20', '2023-10-19 12:01:20'),
       ('9a683814-11ad-42ae-a53e-71e682f1f97c', NULL, 0.00, '2023-10-19 12:01:21', '2023-10-19 12:01:21'),
       ('9a683815-12ce-40f1-8970-f7be29c92440', NULL, 0.00, '2023-10-19 12:01:21', '2023-10-19 12:01:21'),
       ('9a683816-2e5d-4812-9345-ac9e070e696f', NULL, 0.00, '2023-10-19 12:01:22', '2023-10-19 12:01:22'),
       ('9a683817-361e-4af7-870b-4143217b823c', NULL, 0.00, '2023-10-19 12:01:23', '2023-10-19 12:01:23'),
       ('9a683818-3a60-4861-8114-98d36c43589a', NULL, 0.00, '2023-10-19 12:01:23', '2023-10-19 12:01:23'),
       ('9a683819-51b7-44bc-b0c2-30b58506a41b', NULL, 0.00, '2023-10-19 12:01:24', '2023-10-19 12:01:24'),
       ('9a686a66-cb13-49fb-90be-ad2dc917fe01', NULL, 0.00, '2023-10-19 14:22:03', '2023-10-19 14:22:03'),
       ('9a686acf-4dae-491d-8953-fc492e49d5fa', NULL, 0.00, '2023-10-19 14:23:12', '2023-10-19 14:23:12'),
       ('9a686b06-68e1-4d38-9764-1e34f8a33512', NULL, 0.00, '2023-10-19 14:23:48', '2023-10-19 14:23:48'),
       ('9a686c6c-6b7d-433a-bc59-9a195a57ac2a', NULL, 0.00, '2023-10-19 14:27:43', '2023-10-19 14:27:43'),
       ('9a686d99-cb37-4bb5-93aa-5423295a280f', NULL, 0.00, '2023-10-19 14:31:00', '2023-10-19 14:31:00'),
       ('9a70f4be-2559-4c8f-8e7d-f625bec64063', NULL, 0.00, '2023-10-23 20:15:31', '2023-10-23 20:15:31'),
       ('9a70f697-ab93-40bb-b059-234f853bf2f8', NULL, 0.00, '2023-10-23 20:20:41', '2023-10-23 20:20:41');
INSERT INTO `invoice_issuers` (`id`, `company_id`, `tax_code`, `reg_id`, `vat_id`, `name`, `country`, `place`,
                               `postal_code`, `address`, `phone_num`, `fax`, `email`, `url`, `bank_name`, `iban`,
                               `created_at`, `updated_at`)
VALUES ('9a53c4aa-6deb-4242-9f9b-5ded5f957c4b', 'LM3456', 'TAXCDBN', NULL, NULL, 'LM Company', 'AD', 'Ccambo', '22334',
        'Franco Street', NULL, NULL, 'company@lm.rs', 'http://www.data.us', 'Erste Bank', '432432',
        '2023-10-09 08:02:04', '2023-10-09 08:02:04'),
       ('9a563360-7f09-43a8-b412-57c524cf31d2', 'LM3456', 'TAXCDBN', NULL, NULL, 'LM Company', 'AD', 'Ccambo', '22334',
        'Franco Street', NULL, NULL, 'company@lm.rs', 'http://www.data.us', 'Erste Bank', '432432',
        '2023-10-10 13:03:18', '2023-10-10 13:03:18'),
       ('9a563574-1ab0-4cde-9688-e73b93e21fe5', 'POKEMONSA', 'gfdgdf12r', 'REGBA123', NULL, 'ZN Servis', 'AI',
        'Zvornik', '3333', 'Cocombo 33', NULL, NULL, NULL, 'http://www.google.com', 'Erste Bank', '432432',
        '2023-10-10 13:09:06', '2023-10-10 13:09:06'),
       ('9a563b70-050d-41fd-bbb3-2b3464b33902', 'POKEMONSA', 'gfdgdf12r', 'REGBA123', NULL, 'ZN Servis', 'AI',
        'Zvornik', '3333', 'Cocombo 33', NULL, NULL, NULL, 'http://www.google.com', 'Erste Bank', '432432',
        '2023-10-10 13:25:50', '2023-10-10 13:25:50'),
       ('9a563e0f-dbbc-444b-a755-bde02f880f6f', 'POKEMONSA', 'gfdgdf12r', 'REGBA123', NULL, 'ZN Servis', 'AI',
        'Zvornik', '3333', 'Cocombo 33', NULL, NULL, NULL, 'http://www.google.com', 'Erste Bank', '432432',
        '2023-10-10 13:33:10', '2023-10-10 13:33:10'),
       ('9a564a81-2c7a-4663-9cf6-16fc965f10e1', 'POKEMONSA', 'gfdgdf12r', 'REGBA123', NULL, 'ZN Servis', 'AI',
        'Zvornik', '3333', 'Cocombo 33', NULL, NULL, NULL, 'http://www.google.com', 'Erste Bank', '432432',
        '2023-10-10 14:07:58', '2023-10-10 14:07:58'),
       ('9a564bdc-bcdb-4738-ac12-c0a04cc300f5', 'POKEMONSA', 'gfdgdf12r', 'REGBA123', NULL, 'ZN Servis', 'AI',
        'Zvornik', '3333', 'Cocombo 33', NULL, NULL, NULL, 'http://www.google.com', 'Erste Bank', '432432',
        '2023-10-10 14:11:46', '2023-10-10 14:11:46'),
       ('9a580db1-da96-4c83-87d7-ec3c6f3aec37', 'POKEMONSA', 'gfdgdf12r', 'REGBA123', NULL, 'ZN Servis', 'AI',
        'Zvornik', '3333', 'Cocombo 33', NULL, NULL, NULL, 'http://www.google.com', 'Erste Bank', '432432',
        '2023-10-11 11:09:35', '2023-10-11 11:09:35'),
       ('9a58167f-3b24-4b6b-8516-55f9dee5c5a7', 'LM3456', 'TAXCDBN', NULL, NULL, 'LM Company', 'AD', 'Ccambo', '22334',
        'Franco Street', NULL, NULL, 'company@lm.rs', 'http://www.data.us', 'Erste Bank', '432432',
        '2023-10-11 11:34:12', '2023-10-11 11:34:12'),
       ('9a683808-9163-4a46-9c98-dc74e7a636cb', 'LM3456', 'TAXCDBN', NULL, NULL, 'LM Company1', 'AD', 'Ccambo', '22334',
        'Franco Street', NULL, NULL, 'company@lm.rs', 'http://www.data.us', 'Erste Bank', '432432',
        '2023-10-19 12:01:13', '2023-10-19 12:01:13'),
       ('9a68380a-8334-49ff-982e-856c630e34b3', 'LM3456', 'TAXCDBN', NULL, NULL, 'LM Company1', 'AD', 'Ccambo', '22334',
        'Franco Street', NULL, NULL, 'company@lm.rs', 'http://www.data.us', 'Erste Bank', '432432',
        '2023-10-19 12:01:14', '2023-10-19 12:01:14'),
       ('9a68380b-9b53-4b2c-a1a4-200992527d70', 'LM3456', 'TAXCDBN', NULL, NULL, 'LM Company1', 'AD', 'Ccambo', '22334',
        'Franco Street', NULL, NULL, 'company@lm.rs', 'http://www.data.us', 'Erste Bank', '432432',
        '2023-10-19 12:01:15', '2023-10-19 12:01:15'),
       ('9a68380c-cd65-4ebb-bf43-4c9e0ebf06f1', 'LM3456', 'TAXCDBN', NULL, NULL, 'LM Company1', 'AD', 'Ccambo', '22334',
        'Franco Street', NULL, NULL, 'company@lm.rs', 'http://www.data.us', 'Erste Bank', '432432',
        '2023-10-19 12:01:16', '2023-10-19 12:01:16'),
       ('9a68380d-f4e0-47f0-867b-cdfbd3815189', 'LM3456', 'TAXCDBN', NULL, NULL, 'LM Company1', 'AD', 'Ccambo', '22334',
        'Franco Street', NULL, NULL, 'company@lm.rs', 'http://www.data.us', 'Erste Bank', '432432',
        '2023-10-19 12:01:17', '2023-10-19 12:01:17'),
       ('9a68380e-fcb8-40c2-a7d5-b36c9376b09f', 'LM3456', 'TAXCDBN', NULL, NULL, 'LM Company1', 'AD', 'Ccambo', '22334',
        'Franco Street', NULL, NULL, 'company@lm.rs', 'http://www.data.us', 'Erste Bank', '432432',
        '2023-10-19 12:01:17', '2023-10-19 12:01:17'),
       ('9a683810-13d8-471a-a64c-897cdd45c4dc', 'LM3456', 'TAXCDBN', NULL, NULL, 'LM Company1', 'AD', 'Ccambo', '22334',
        'Franco Street', NULL, NULL, 'company@lm.rs', 'http://www.data.us', 'Erste Bank', '432432',
        '2023-10-19 12:01:18', '2023-10-19 12:01:18'),
       ('9a683811-13d9-4f50-901e-e8899be9176f', 'LM3456', 'TAXCDBN', NULL, NULL, 'LM Company1', 'AD', 'Ccambo', '22334',
        'Franco Street', NULL, NULL, 'company@lm.rs', 'http://www.data.us', 'Erste Bank', '432432',
        '2023-10-19 12:01:19', '2023-10-19 12:01:19'),
       ('9a683812-42a9-4830-8cc5-57d0501f1d41', 'LM3456', 'TAXCDBN', NULL, NULL, 'LM Company1', 'AD', 'Ccambo', '22334',
        'Franco Street', NULL, NULL, 'company@lm.rs', 'http://www.data.us', 'Erste Bank', '432432',
        '2023-10-19 12:01:19', '2023-10-19 12:01:19'),
       ('9a683813-284a-4312-b9d3-1f5221acad8d', 'LM3456', 'TAXCDBN', NULL, NULL, 'LM Company1', 'AD', 'Ccambo', '22334',
        'Franco Street', NULL, NULL, 'company@lm.rs', 'http://www.data.us', 'Erste Bank', '432432',
        '2023-10-19 12:01:20', '2023-10-19 12:01:20'),
       ('9a683814-0894-4e49-bfc2-41979334089d', 'LM3456', 'TAXCDBN', NULL, NULL, 'LM Company1', 'AD', 'Ccambo', '22334',
        'Franco Street', NULL, NULL, 'company@lm.rs', 'http://www.data.us', 'Erste Bank', '432432',
        '2023-10-19 12:01:21', '2023-10-19 12:01:21'),
       ('9a683815-0a68-44fe-80b3-70e27dc4fd79', 'LM3456', 'TAXCDBN', NULL, NULL, 'LM Company1', 'AD', 'Ccambo', '22334',
        'Franco Street', NULL, NULL, 'company@lm.rs', 'http://www.data.us', 'Erste Bank', '432432',
        '2023-10-19 12:01:21', '2023-10-19 12:01:21'),
       ('9a683816-2367-45eb-aa7a-fa4f9cb0f4c0', 'LM3456', 'TAXCDBN', NULL, NULL, 'LM Company1', 'AD', 'Ccambo', '22334',
        'Franco Street', NULL, NULL, 'company@lm.rs', 'http://www.data.us', 'Erste Bank', '432432',
        '2023-10-19 12:01:22', '2023-10-19 12:01:22'),
       ('9a683817-2e4c-4bd9-8fee-30cf09e4b0f6', 'LM3456', 'TAXCDBN', NULL, NULL, 'LM Company1', 'AD', 'Ccambo', '22334',
        'Franco Street', NULL, NULL, 'company@lm.rs', 'http://www.data.us', 'Erste Bank', '432432',
        '2023-10-19 12:01:23', '2023-10-19 12:01:23'),
       ('9a683818-3304-496b-8f0c-a7c882ff8f7c', 'LM3456', 'TAXCDBN', NULL, NULL, 'LM Company1', 'AD', 'Ccambo', '22334',
        'Franco Street', NULL, NULL, 'company@lm.rs', 'http://www.data.us', 'Erste Bank', '432432',
        '2023-10-19 12:01:23', '2023-10-19 12:01:23'),
       ('9a683819-4534-411b-b09e-f62d9da2ade1', 'LM3456', 'TAXCDBN', NULL, NULL, 'LM Company1', 'AD', 'Ccambo', '22334',
        'Franco Street', NULL, NULL, 'company@lm.rs', 'http://www.data.us', 'Erste Bank', '432432',
        '2023-10-19 12:01:24', '2023-10-19 12:01:24'),
       ('9a686a66-bff7-438d-b546-2bf65d72ea9a', 'LM3456', 'TAXCDBN', NULL, NULL, 'LM Company1', 'AD', 'Ccambo', '22334',
        'Franco Street', NULL, NULL, 'company@lm.rs', 'http://www.data.us', 'Erste Bank', '432432',
        '2023-10-19 14:22:03', '2023-10-19 14:22:03'),
       ('9a686acf-4567-4b73-8047-cf8dd149eca8', 'LM3456', 'TAXCDBN', NULL, NULL, 'LM Company1', 'AD', 'Ccambo', '22334',
        'Franco Street', NULL, NULL, 'company@lm.rs', 'http://www.data.us', 'Erste Bank', '432432',
        '2023-10-19 14:23:12', '2023-10-19 14:23:12'),
       ('9a686b06-61a8-4008-a7c3-162dab5d23a3', 'LM3456', 'TAXCDBN', NULL, NULL, 'LM Company1', 'AD', 'Ccambo', '22334',
        'Franco Street', NULL, NULL, 'company@lm.rs', 'http://www.data.us', 'Erste Bank', '432432',
        '2023-10-19 14:23:48', '2023-10-19 14:23:48'),
       ('9a686c6c-615a-4d81-aa4e-b4d0c22dad3e', 'LM3456', 'TAXCDBN', NULL, NULL, 'LM Company1', 'AD', 'Ccambo', '22334',
        'Franco Street', NULL, NULL, 'company@lm.rs', 'http://www.data.us', 'Erste Bank', '432432',
        '2023-10-19 14:27:43', '2023-10-19 14:27:43'),
       ('9a686d99-c0ae-416a-818e-93d86e5c8eec', 'LM3456', 'TAXCDBN', NULL, NULL, 'LM Company1', 'AD', 'Ccambo', '22334',
        'Franco Street', NULL, NULL, 'company@lm.rs', 'http://www.data.us', 'Erste Bank', '432432',
        '2023-10-19 14:31:00', '2023-10-19 14:31:00'),
       ('9a70f4be-19f3-4e1d-81d7-b3fd3f97eb19', 'LM3456', 'TAXCDBN', NULL, NULL, 'LM Company', 'AD', 'Ccambo', '22334',
        'Franco Street', NULL, NULL, 'company@lm.rs', 'http://www.data.us', 'Erste Bank', '432432',
        '2023-10-23 20:15:31', '2023-10-23 20:15:31'),
       ('9a70f697-9f51-4bed-ab08-be9042401f04', 'POKEMONSA', 'gfdgdf12r', 'REGBA123', NULL, 'ZN Servis', 'AI',
        'Zvornik', '3333', 'Cocombo 33', NULL, NULL, NULL, 'http://www.google.com', '456', '789', '2023-10-23 20:20:41',
        '2023-10-23 20:20:41');
INSERT INTO `invoice_recipients` (`id`, `tax_code`, `reg_id`, `vat_id`, `name`, `country`, `place`, `postal_code`,
                                  `address`, `phone_num`, `fax`, `bank_name`, `iban`, `created_at`, `updated_at`)
VALUES ('9a53c4aa-6f73-4379-9c28-14ce1b9fdbd4', '87654321', '12345678', 'VATID009', 'XYZ Company', 'BA', 'Novi Sad',
        '21101', 'Second Street 2', '+381 21 1234567', '+381 21 1234568', 'Raifaisen Bank BiH', '274-00225451551515-24',
        '2023-10-09 08:02:04', '2023-10-09 08:02:04'),
       ('9a563360-829f-47c0-86e4-b71a5b873794', '87654321', '12345678', 'VATID009', 'XYZ Company', 'BA', 'Novi Sad',
        '21101', 'Second Street 2', '+381 21 1234567', '+381 21 1234568', 'Raifaisen Bank BiH', '274-00225451551515-24',
        '2023-10-10 13:03:18', '2023-10-10 13:03:18'),
       ('9a563574-1cb1-4d3a-b93b-84281faed7ae', '87654321', '12345678', 'VATID009', 'XYZ Company', 'BA', 'Novi Sad',
        '21101', 'Second Street 2', '+381 21 1234567', '+381 21 1234568', 'Raifaisen Bank BiH', '274-00225451551515-24',
        '2023-10-10 13:09:06', '2023-10-10 13:09:06'),
       ('9a563b70-073c-403d-b37c-659c7bd4b647', '87654321', '12345678', 'VATID009', 'XYZ Company', 'BA', 'Novi Sad',
        '21101', 'Second Street 2', '+381 21 1234567', '+381 21 1234568', 'Raifaisen Bank BiH', '274-00225451551515-24',
        '2023-10-10 13:25:50', '2023-10-10 13:25:50'),
       ('9a563e0f-ddb2-42b2-8ae5-71fc5f797ded', '87654321', '12345678', 'VATID009', 'XYZ Company', 'BA', 'Novi Sad',
        '21101', 'Second Street 2', '+381 21 1234567', '+381 21 1234568', 'Raifaisen Bank BiH', '274-00225451551515-24',
        '2023-10-10 13:33:10', '2023-10-10 13:33:10'),
       ('9a564a81-2e46-4065-b6e1-15fc32f02c9a', '87654321', '12345678', 'VATID009', 'XYZ Company', 'BA', 'Novi Sad',
        '21101', 'Second Street 2', '+381 21 1234567', '+381 21 1234568', 'Raifaisen Bank BiH', '274-00225451551515-24',
        '2023-10-10 14:07:58', '2023-10-10 14:07:58'),
       ('9a564bdc-be4d-460d-9393-666f437bdf6d', '87654321', '12345678', 'VATID009', 'XYZ Company', 'BA', 'Novi Sad',
        '21101', 'Second Street 2', '+381 21 1234567', '+381 21 1234568', 'Raifaisen Bank BiH', '274-00225451551515-24',
        '2023-10-10 14:11:46', '2023-10-10 14:11:46'),
       ('9a580db1-dcbe-4e0e-af43-9289d4302fa1', '87654321', '12345678', 'VATID009', 'XYZ Company', 'BA', 'Novi Sad',
        '21101', 'Second Street 2', '+381 21 1234567', '+381 21 1234568', 'Raifaisen Bank BiH', '274-00225451551515-24',
        '2023-10-11 11:09:35', '2023-10-11 11:09:35'),
       ('9a58167f-3d2e-460b-8bc5-f4cb9385c710', '87654321', '12345678', 'VATID009', 'XYZ Company', 'BA', 'Novi Sad',
        '21101', 'Second Street 2', '+381 21 1234567', '+381 21 1234568', 'Raifaisen Bank BiH', '274-00225451551515-24',
        '2023-10-11 11:34:12', '2023-10-11 11:34:12'),
       ('9a683808-95d7-43ad-8344-42102c5d5132', '87654321', '12345678', 'VATID009', 'XYZ Company', 'BA', 'Novi Sad',
        '21101', 'Second Street 2', '+381 21 1234567', '+381 21 1234568', 'Raifaisen Bank BiH', '274-00225451551515-24',
        '2023-10-19 12:01:13', '2023-10-19 12:01:13'),
       ('9a68380a-849b-443d-87e3-a7ede2d9ba8f', '87654321', '12345678', 'VATID009', 'XYZ Company', 'BA', 'Novi Sad',
        '21101', 'Second Street 2', '+381 21 1234567', '+381 21 1234568', 'Raifaisen Bank BiH', '274-00225451551515-24',
        '2023-10-19 12:01:14', '2023-10-19 12:01:14'),
       ('9a68380b-9dad-4480-ae6a-846e4f8161fa', '87654321', '12345678', 'VATID009', 'XYZ Company', 'BA', 'Novi Sad',
        '21101', 'Second Street 2', '+381 21 1234567', '+381 21 1234568', 'Raifaisen Bank BiH', '274-00225451551515-24',
        '2023-10-19 12:01:15', '2023-10-19 12:01:15'),
       ('9a68380c-cfe9-4325-9b46-0391b343e19e', '87654321', '12345678', 'VATID009', 'XYZ Company', 'BA', 'Novi Sad',
        '21101', 'Second Street 2', '+381 21 1234567', '+381 21 1234568', 'Raifaisen Bank BiH', '274-00225451551515-24',
        '2023-10-19 12:01:16', '2023-10-19 12:01:16'),
       ('9a68380d-f735-4951-aebb-1304bf2c9548', '87654321', '12345678', 'VATID009', 'XYZ Company', 'BA', 'Novi Sad',
        '21101', 'Second Street 2', '+381 21 1234567', '+381 21 1234568', 'Raifaisen Bank BiH', '274-00225451551515-24',
        '2023-10-19 12:01:17', '2023-10-19 12:01:17'),
       ('9a68380e-fe91-4cd0-b094-eefa36ab2a16', '87654321', '12345678', 'VATID009', 'XYZ Company', 'BA', 'Novi Sad',
        '21101', 'Second Street 2', '+381 21 1234567', '+381 21 1234568', 'Raifaisen Bank BiH', '274-00225451551515-24',
        '2023-10-19 12:01:17', '2023-10-19 12:01:17'),
       ('9a683810-15de-4095-bdc3-1d0a3be98b64', '87654321', '12345678', 'VATID009', 'XYZ Company', 'BA', 'Novi Sad',
        '21101', 'Second Street 2', '+381 21 1234567', '+381 21 1234568', 'Raifaisen Bank BiH', '274-00225451551515-24',
        '2023-10-19 12:01:18', '2023-10-19 12:01:18'),
       ('9a683811-168c-45e2-a6e9-29d55aabf4a5', '87654321', '12345678', 'VATID009', 'XYZ Company', 'BA', 'Novi Sad',
        '21101', 'Second Street 2', '+381 21 1234567', '+381 21 1234568', 'Raifaisen Bank BiH', '274-00225451551515-24',
        '2023-10-19 12:01:19', '2023-10-19 12:01:19'),
       ('9a683812-44e7-48d0-8848-f4bdf5acadef', '87654321', '12345678', 'VATID009', 'XYZ Company', 'BA', 'Novi Sad',
        '21101', 'Second Street 2', '+381 21 1234567', '+381 21 1234568', 'Raifaisen Bank BiH', '274-00225451551515-24',
        '2023-10-19 12:01:19', '2023-10-19 12:01:19'),
       ('9a683813-29c5-427f-996f-8bf9c228cd19', '87654321', '12345678', 'VATID009', 'XYZ Company', 'BA', 'Novi Sad',
        '21101', 'Second Street 2', '+381 21 1234567', '+381 21 1234568', 'Raifaisen Bank BiH', '274-00225451551515-24',
        '2023-10-19 12:01:20', '2023-10-19 12:01:20'),
       ('9a683814-0a7a-4c7f-a26a-ea12732ebcf5', '87654321', '12345678', 'VATID009', 'XYZ Company', 'BA', 'Novi Sad',
        '21101', 'Second Street 2', '+381 21 1234567', '+381 21 1234568', 'Raifaisen Bank BiH', '274-00225451551515-24',
        '2023-10-19 12:01:21', '2023-10-19 12:01:21'),
       ('9a683815-0ba1-4967-9308-141f51b4f770', '87654321', '12345678', 'VATID009', 'XYZ Company', 'BA', 'Novi Sad',
        '21101', 'Second Street 2', '+381 21 1234567', '+381 21 1234568', 'Raifaisen Bank BiH', '274-00225451551515-24',
        '2023-10-19 12:01:21', '2023-10-19 12:01:21'),
       ('9a683816-2629-4a17-a1ee-a71ad3f6a6cf', '87654321', '12345678', 'VATID009', 'XYZ Company', 'BA', 'Novi Sad',
        '21101', 'Second Street 2', '+381 21 1234567', '+381 21 1234568', 'Raifaisen Bank BiH', '274-00225451551515-24',
        '2023-10-19 12:01:22', '2023-10-19 12:01:22'),
       ('9a683817-2fa4-4be0-8536-588eec9b5519', '87654321', '12345678', 'VATID009', 'XYZ Company', 'BA', 'Novi Sad',
        '21101', 'Second Street 2', '+381 21 1234567', '+381 21 1234568', 'Raifaisen Bank BiH', '274-00225451551515-24',
        '2023-10-19 12:01:23', '2023-10-19 12:01:23'),
       ('9a683818-3476-4984-9ac8-4461ada5dd33', '87654321', '12345678', 'VATID009', 'XYZ Company', 'BA', 'Novi Sad',
        '21101', 'Second Street 2', '+381 21 1234567', '+381 21 1234568', 'Raifaisen Bank BiH', '274-00225451551515-24',
        '2023-10-19 12:01:23', '2023-10-19 12:01:23'),
       ('9a683819-47b6-4f67-bb46-4fe3ca5cda9a', '87654321', '12345678', 'VATID009', 'XYZ Company', 'BA', 'Novi Sad',
        '21101', 'Second Street 2', '+381 21 1234567', '+381 21 1234568', 'Raifaisen Bank BiH', '274-00225451551515-24',
        '2023-10-19 12:01:24', '2023-10-19 12:01:24'),
       ('9a686a66-c32f-40d6-8d17-1a5502f4e6a9', 'TAAX12345', 'REGID', 'VAT4567', 'Marko', 'RE', 'Zvornik', '15000',
        'Pavla Papa 8', '+38164', '+38115', 'BANKJJJ', NULL, '2023-10-19 14:22:03', '2023-10-19 14:22:03'),
       ('9a686acf-4722-46e7-97ae-e98fff9caece', 'TAAX12345', 'REGID', 'VAT4567', 'Marko', 'RE', 'Zvornik', '15000',
        'Pavla Papa 8', '+38164', '+38115', 'BANKJJJ', NULL, '2023-10-19 14:23:12', '2023-10-19 14:23:12'),
       ('9a686b06-631d-406e-ba8e-685f7ee21e5c', 'TAAX12345', 'REGID', 'VAT4567', 'Marko', 'RE', 'Zvornik', '15000',
        'Pavla Papa 8', '+38164', '+38115', 'BANKJJJ', NULL, '2023-10-19 14:23:48', '2023-10-19 14:23:48'),
       ('9a686c6c-6398-4a06-bc1a-c0856e136f9e', 'TAAX12345', 'REGID', 'VAT4567', 'Marko', 'RE', 'Zvornik', '15000',
        'Pavla Papa 8', '+38164', '+38115', 'BANKJJJ', NULL, '2023-10-19 14:27:43', '2023-10-19 14:27:43'),
       ('9a686d99-c265-4db0-b332-5215bb62a627', 'TAX0344', NULL, 'VAT44', 'FTN Novi Sad', 'RS', 'Novi Sad', '2100',
        'Trg Dositeja Obradovica 6', NULL, 'fax@uns.ac.rs', NULL, NULL, '2023-10-19 14:31:00', '2023-10-19 14:31:00'),
       ('9a70f4be-1d3c-4cb7-8e60-340f2fffa6a4', 'TAx65435', NULL, 'VAT54309', 'MarkoM', 'KM', 'Congo', '14000',
        'Dracula', NULL, NULL, NULL, NULL, '2023-10-23 20:15:31', '2023-10-23 20:15:31'),
       ('9a70f697-a21a-4b35-8352-7e9b7be50dd6', 'TAX0344', NULL, 'VAT4567', 'FTN Novi Sad', 'RS', 'Novi Sad', '21000',
        'Trg Dositeja Obradovica 6', '+38164', '+38115', 'BANKJJJ', NULL, '2023-10-23 20:20:41', '2023-10-23 20:20:41');
INSERT INTO `invoices` (`id`, `invoice_num`, `invoice_date`, `invoice_location`, `due_date`, `due_location`,
                        `delivery_date`, `delivery_location`, `payment_method`, `payment_deadline`,
                        `fiscal_receipt_num`, `total_base_amount`, `total_price`, `total_vat`, `total_rebate`, `status`,
                        `type`, `created_at`, `updated_at`, `company_id`, `issuer_company_id`, `recipient_company_id`,
                        `fiscal_year_id`)
VALUES ('9a580db1-ded6-479f-8f22-b44a88e57765', 'INV-2023-001', '2023-09-20', 'New York', '2023-10-20 15:00:00',
        'New York', '2023-09-30 10:00:00', 'New York', 'BANK_TRANSFER', '2023-10-10 23:59:59', 'FISCAL-12345', 470.00,
        460.50, 92.10, 9.50, 'SENT', 'INVOICE', '2023-10-11 11:09:35', '2023-10-11 11:09:35',
        '9a3a93f0-7274-42d3-bd99-c140653690e6', '9a580db1-da96-4c83-87d7-ec3c6f3aec37',
        '9a580db1-dcbe-4e0e-af43-9289d4302fa1', '9a580db1-dd82-4ecf-a620-5809791f8eed'),
       ('9a58167f-3f78-49a4-bdc9-3b5b47fda4b9', 'INV-2023-001', '2023-09-20', 'New York', '2023-10-20 15:00:00',
        'New York', '2023-09-30 10:00:00', 'New York', 'BANK_TRANSFER', '2023-10-10 23:59:59', 'FISCAL-12345', 470.00,
        460.50, 92.10, 9.50, 'SENT', 'INVOICE', '2023-10-11 11:34:12', '2023-10-11 11:34:12',
        '9a3893cb-22cb-4cf2-97c6-930c7e6ddacd', '9a58167f-3b24-4b6b-8516-55f9dee5c5a7',
        '9a58167f-3d2e-460b-8bc5-f4cb9385c710', '9a58167f-3e0f-44b7-8a3e-ecaed23a213e'),
       ('9a683808-9816-408b-a27e-3440968bfcea', 'INV-2023-001', '2023-09-20', 'New York', '2023-10-20 15:00:00',
        'New York', '2023-09-30 10:00:00', 'New York', 'BANK_TRANSFER', '2023-10-10 23:59:59', 'FISCAL-12345', 470.00,
        460.50, 92.10, 9.50, 'SENT', 'INVOICE', '2023-10-19 12:01:13', '2023-10-19 12:01:13',
        '9a3893cb-22cb-4cf2-97c6-930c7e6ddacd', '9a683808-9163-4a46-9c98-dc74e7a636cb',
        '9a683808-95d7-43ad-8344-42102c5d5132', '9a683808-9677-4efa-b1d9-7a93deff8fc9'),
       ('9a68380a-86b8-4b98-9b01-cb133213f6b3', 'INV-2023-001', '2023-09-20', 'New York', '2023-10-20 15:00:00',
        'New York', '2023-09-30 10:00:00', 'New York', 'BANK_TRANSFER', '2023-10-10 23:59:59', 'FISCAL-12345', 470.00,
        460.50, 92.10, 9.50, 'SENT', 'INVOICE', '2023-10-19 12:01:14', '2023-10-19 12:01:14',
        '9a3893cb-22cb-4cf2-97c6-930c7e6ddacd', '9a68380a-8334-49ff-982e-856c630e34b3',
        '9a68380a-849b-443d-87e3-a7ede2d9ba8f', '9a68380a-855f-4bf9-8a54-1e2f3cb4090e'),
       ('9a68380b-a04b-4b3d-8dc2-e5db83695c65', 'INV-2023-001', '2023-09-20', 'New York', '2023-10-20 15:00:00',
        'New York', '2023-09-30 10:00:00', 'New York', 'BANK_TRANSFER', '2023-10-10 23:59:59', 'FISCAL-12345', 470.00,
        460.50, 92.10, 9.50, 'SENT', 'INVOICE', '2023-10-19 12:01:15', '2023-10-19 12:01:15',
        '9a3893cb-22cb-4cf2-97c6-930c7e6ddacd', '9a68380b-9b53-4b2c-a1a4-200992527d70',
        '9a68380b-9dad-4480-ae6a-846e4f8161fa', '9a68380b-9ec4-4bcd-bbc1-2422ed4cd02d'),
       ('9a68380c-d36a-4c42-b96e-54ba6419641a', 'INV-2023-001', '2023-09-20', 'New York', '2023-10-20 15:00:00',
        'New York', '2023-09-30 10:00:00', 'New York', 'BANK_TRANSFER', '2023-10-10 23:59:59', 'FISCAL-12345', 470.00,
        460.50, 92.10, 9.50, 'SENT', 'INVOICE', '2023-10-19 12:01:16', '2023-10-19 12:01:16',
        '9a3893cb-22cb-4cf2-97c6-930c7e6ddacd', '9a68380c-cd65-4ebb-bf43-4c9e0ebf06f1',
        '9a68380c-cfe9-4325-9b46-0391b343e19e', '9a68380c-d129-4756-abc7-095e06fba2dc'),
       ('9a68380d-fa6b-42fc-a46a-78dbfab4cd7d', 'INV-2023-001', '2023-09-20', 'New York', '2023-10-20 15:00:00',
        'New York', '2023-09-30 10:00:00', 'New York', 'BANK_TRANSFER', '2023-10-10 23:59:59', 'FISCAL-12345', 470.00,
        460.50, 92.10, 9.50, 'SENT', 'INVOICE', '2023-10-19 12:01:17', '2023-10-19 12:01:17',
        '9a3893cb-22cb-4cf2-97c6-930c7e6ddacd', '9a68380d-f4e0-47f0-867b-cdfbd3815189',
        '9a68380d-f735-4951-aebb-1304bf2c9548', '9a68380d-f845-4f0d-9387-284911235c20'),
       ('9a68380f-01c9-40e4-b61a-c83e69e0b1b1', 'INV-2023-001', '2023-09-20', 'New York', '2023-10-20 15:00:00',
        'New York', '2023-09-30 10:00:00', 'New York', 'BANK_TRANSFER', '2023-10-10 23:59:59', 'FISCAL-12345', 470.00,
        460.50, 92.10, 9.50, 'SENT', 'INVOICE', '2023-10-19 12:01:17', '2023-10-19 12:01:17',
        '9a3893cb-22cb-4cf2-97c6-930c7e6ddacd', '9a68380e-fcb8-40c2-a7d5-b36c9376b09f',
        '9a68380e-fe91-4cd0-b094-eefa36ab2a16', '9a68380e-ff73-440d-80bc-9d33b5469f29'),
       ('9a683810-1841-4fc7-ace1-0dcfbfe66d2c', 'INV-2023-001', '2023-09-20', 'New York', '2023-10-20 15:00:00',
        'New York', '2023-09-30 10:00:00', 'New York', 'BANK_TRANSFER', '2023-10-10 23:59:59', 'FISCAL-12345', 470.00,
        460.50, 92.10, 9.50, 'SENT', 'INVOICE', '2023-10-19 12:01:18', '2023-10-19 12:01:18',
        '9a3893cb-22cb-4cf2-97c6-930c7e6ddacd', '9a683810-13d8-471a-a64c-897cdd45c4dc',
        '9a683810-15de-4095-bdc3-1d0a3be98b64', '9a683810-16b9-4bf3-802c-0c90328f83a5'),
       ('9a683811-19b8-498f-b1d1-a06cdbcc584c', 'INV-2023-001', '2023-09-20', 'New York', '2023-10-20 15:00:00',
        'New York', '2023-09-30 10:00:00', 'New York', 'BANK_TRANSFER', '2023-10-10 23:59:59', 'FISCAL-12345', 470.00,
        460.50, 92.10, 9.50, 'SENT', 'INVOICE', '2023-10-19 12:01:19', '2023-10-19 12:01:19',
        '9a3893cb-22cb-4cf2-97c6-930c7e6ddacd', '9a683811-13d9-4f50-901e-e8899be9176f',
        '9a683811-168c-45e2-a6e9-29d55aabf4a5', '9a683811-179b-4635-870c-1d86cbe14acf'),
       ('9a683812-4826-4f6e-bd4f-5a9677e18040', 'INV-2023-001', '2023-09-20', 'New York', '2023-10-20 15:00:00',
        'New York', '2023-09-30 10:00:00', 'New York', 'BANK_TRANSFER', '2023-10-10 23:59:59', 'FISCAL-12345', 470.00,
        460.50, 92.10, 9.50, 'SENT', 'INVOICE', '2023-10-19 12:01:19', '2023-10-19 12:01:19',
        '9a3893cb-22cb-4cf2-97c6-930c7e6ddacd', '9a683812-42a9-4830-8cc5-57d0501f1d41',
        '9a683812-44e7-48d0-8848-f4bdf5acadef', '9a683812-45f2-4b55-9b7c-af7fe64742e0'),
       ('9a683813-2bab-4e89-be37-85a936145e0e', 'INV-2023-001', '2023-09-20', 'New York', '2023-10-20 15:00:00',
        'New York', '2023-09-30 10:00:00', 'New York', 'BANK_TRANSFER', '2023-10-10 23:59:59', 'FISCAL-12345', 470.00,
        460.50, 92.10, 9.50, 'SENT', 'INVOICE', '2023-10-19 12:01:20', '2023-10-19 12:01:20',
        '9a3893cb-22cb-4cf2-97c6-930c7e6ddacd', '9a683813-284a-4312-b9d3-1f5221acad8d',
        '9a683813-29c5-427f-996f-8bf9c228cd19', '9a683813-2a7e-4359-bf6e-6bdce2c099f8'),
       ('9a683814-0cf5-4c54-9625-f33c8951161a', 'INV-2023-001', '2023-09-20', 'New York', '2023-10-20 15:00:00',
        'New York', '2023-09-30 10:00:00', 'New York', 'BANK_TRANSFER', '2023-10-10 23:59:59', 'FISCAL-12345', 470.00,
        460.50, 92.10, 9.50, 'SENT', 'INVOICE', '2023-10-19 12:01:21', '2023-10-19 12:01:21',
        '9a3893cb-22cb-4cf2-97c6-930c7e6ddacd', '9a683814-0894-4e49-bfc2-41979334089d',
        '9a683814-0a7a-4c7f-a26a-ea12732ebcf5', '9a683814-0b6e-49dd-b2bb-1da9086f716e'),
       ('9a683815-0dd3-439e-93cd-1626a4b0bdcb', 'INV-2023-001', '2023-09-20', 'New York', '2023-10-20 15:00:00',
        'New York', '2023-09-30 10:00:00', 'New York', 'BANK_TRANSFER', '2023-10-10 23:59:59', 'FISCAL-12345', 470.00,
        460.50, 92.10, 9.50, 'SENT', 'INVOICE', '2023-10-19 12:01:21', '2023-10-19 12:01:21',
        '9a3893cb-22cb-4cf2-97c6-930c7e6ddacd', '9a683815-0a68-44fe-80b3-70e27dc4fd79',
        '9a683815-0ba1-4967-9308-141f51b4f770', '9a683815-0c7f-4be5-aaf4-eb5e80a231e7'),
       ('9a683816-2978-4bf9-9c59-85c7f4ec33d7', 'INV-2023-001', '2023-09-20', 'New York', '2023-10-20 15:00:00',
        'New York', '2023-09-30 10:00:00', 'New York', 'BANK_TRANSFER', '2023-10-10 23:59:59', 'FISCAL-12345', 470.00,
        460.50, 92.10, 9.50, 'SENT', 'INVOICE', '2023-10-19 12:01:22', '2023-10-19 12:01:22',
        '9a3893cb-22cb-4cf2-97c6-930c7e6ddacd', '9a683816-2367-45eb-aa7a-fa4f9cb0f4c0',
        '9a683816-2629-4a17-a1ee-a71ad3f6a6cf', '9a683816-2732-4320-a979-e429cb758029'),
       ('9a683817-31cb-479d-88da-3f6a6cdd5804', 'INV-2023-001', '2023-09-20', 'New York', '2023-10-20 15:00:00',
        'New York', '2023-09-30 10:00:00', 'New York', 'BANK_TRANSFER', '2023-10-10 23:59:59', 'FISCAL-12345', 470.00,
        460.50, 92.10, 9.50, 'SENT', 'INVOICE', '2023-10-19 12:01:23', '2023-10-19 12:01:23',
        '9a3893cb-22cb-4cf2-97c6-930c7e6ddacd', '9a683817-2e4c-4bd9-8fee-30cf09e4b0f6',
        '9a683817-2fa4-4be0-8536-588eec9b5519', '9a683817-303c-41ee-a27c-78f05a18d449'),
       ('9a683818-366a-4da3-aafc-06abc75f40bd', 'INV-2023-001', '2023-09-20', 'New York', '2023-10-20 15:00:00',
        'New York', '2023-09-30 10:00:00', 'New York', 'BANK_TRANSFER', '2023-10-10 23:59:59', 'FISCAL-12345', 470.00,
        460.50, 92.10, 9.50, 'SENT', 'INVOICE', '2023-10-19 12:01:23', '2023-10-19 12:01:23',
        '9a3893cb-22cb-4cf2-97c6-930c7e6ddacd', '9a683818-3304-496b-8f0c-a7c882ff8f7c',
        '9a683818-3476-4984-9ac8-4461ada5dd33', '9a683818-352f-4e22-9819-92a1db684c68'),
       ('9a683819-4b2b-4647-a639-4998822e84f9', 'INV-2023-001', '2023-09-20', 'New York', '2023-10-20 15:00:00',
        'New York', '2023-09-30 10:00:00', 'New York', 'BANK_TRANSFER', '2023-10-10 23:59:59', 'FISCAL-12345', 470.00,
        460.50, 92.10, 9.50, 'SENT', 'INVOICE', '2023-10-19 12:01:24', '2023-10-19 12:01:24',
        '9a3893cb-22cb-4cf2-97c6-930c7e6ddacd', '9a683819-4534-411b-b09e-f62d9da2ade1',
        '9a683819-47b6-4f67-bb46-4fe3ca5cda9a', '9a683819-48ca-4878-a61c-394e9ccc4e25'),
       ('9a686a66-c708-470f-a805-3907ef18efaf', 'NUM001', '2023-11-20', 'Franco Street, Ccambo1', '2023-12-23 00:00:00',
        'Franco Street, Ccambo22', '2023-11-23 00:05:00', 'Franco Street, Ccambo54', 'BANK_TRANSFER',
        '2023-12-22 23:00:00', '1234FS', 54.00, 29.00, 8.70, 25.00, 'SENT', 'INVOICE', '2023-10-19 14:22:03',
        '2023-10-19 14:22:03', '9a3893cb-22cb-4cf2-97c6-930c7e6ddacd', '9a686a66-bff7-438d-b546-2bf65d72ea9a',
        '9a686a66-c32f-40d6-8d17-1a5502f4e6a9', '9a686a66-c465-4ecc-895f-743bf5d097d1'),
       ('9a686acf-4bba-4db0-9c91-41cc980ea0e2', 'NUM001', '2023-11-20', 'Franco Street, Ccambo1', '2023-12-23 00:00:00',
        'Franco Street, Ccambo22', '2023-11-23 00:05:00', 'Franco Street, Ccambo54', 'BANK_TRANSFER',
        '2023-12-22 23:00:00', '1234FS', 54.00, 29.00, 8.70, 25.00, 'SENT', 'INVOICE', '2023-10-19 14:23:12',
        '2023-10-19 14:23:12', '9a3893cb-22cb-4cf2-97c6-930c7e6ddacd', '9a686acf-4567-4b73-8047-cf8dd149eca8',
        '9a686acf-4722-46e7-97ae-e98fff9caece', '9a686acf-49b9-437e-84a0-da1a8be715df'),
       ('9a686b06-6633-4452-8181-9c3f347e9ac4', 'NUM001', '2023-11-20', 'Franco Street, Ccambo1', '2023-12-23 00:00:00',
        'Franco Street, Ccambo22', '2023-11-23 00:05:00', 'Franco Street, Ccambo54', 'BANK_TRANSFER',
        '2023-12-22 23:00:00', '1234FS', 54.00, 29.00, 8.70, 25.00, 'SENT', 'INVOICE', '2023-10-19 14:23:48',
        '2023-10-19 14:23:48', '9a3893cb-22cb-4cf2-97c6-930c7e6ddacd', '9a686b06-61a8-4008-a7c3-162dab5d23a3',
        '9a686b06-631d-406e-ba8e-685f7ee21e5c', '9a686b06-6430-4a54-a148-7044b6b6e34c'),
       ('9a686c6c-66f6-41ad-8e54-0959bffa3464', 'NUM003', '2023-11-20', 'Franco Street, Ccambo1', '2023-12-23 00:00:00',
        'Franco Street, Ccambo22', '2023-11-23 00:05:00', 'Franco Street, Ccambo54', 'BANK_TRANSFER',
        '2023-12-22 23:00:00', '1234FS', 2854.00, 2829.00, 568.70, 25.00, 'SENT', 'INVOICE', '2023-10-19 14:27:43',
        '2023-10-19 14:27:43', '9a3893cb-22cb-4cf2-97c6-930c7e6ddacd', '9a686c6c-615a-4d81-aa4e-b4d0c22dad3e',
        '9a686c6c-6398-4a06-bc1a-c0856e136f9e', '9a686c6c-6452-42ec-b9cf-25be40312662'),
       ('9a686d99-c4f4-4353-9271-f0f2bdd95fb3', 'INV 1/2023', '2023-10-19', 'Bulevar Kralja Petra I, Novi Sad',
        '2023-11-02 18:28:00', 'Bulevar Kralja Petra I, Novi Sad', '2023-10-19 18:28:00',
        'Bulevar Kralja Petra I, Novi Sad', 'BANK_TRANSFER', '2023-11-02 18:28:00', '1/2023', 10000.00, 10000.00,
        2000.00, 0.00, 'SENT', 'INVOICE', '2023-10-19 14:31:00', '2023-10-19 14:31:00',
        '9a3893cb-22cb-4cf2-97c6-930c7e6ddacd', '9a686d99-c0ae-416a-818e-93d86e5c8eec',
        '9a686d99-c265-4db0-b332-5215bb62a627', '9a686d99-c315-4232-b4ec-089decdb1be8'),
       ('9a70f4be-20a9-4fec-8f78-b422e24b3354', 'INVBDK', '2023-10-23', 'Franco Street, Ccambo', '2023-11-07 00:13:00',
        'Franco Street, Ccambo', '2023-10-24 00:13:00', 'Franco Street, Ccambo', 'ADVANCE_PAYMENT',
        '2023-11-07 00:13:00', '1-2023', 3.00, 3.00, 0.60, 0.00, 'STAGING', 'INVOICE', '2023-10-23 20:15:31',
        '2023-10-23 20:15:31', '9a3893cb-22cb-4cf2-97c6-930c7e6ddacd', '9a70f4be-19f3-4e1d-81d7-b3fd3f97eb19',
        '9a70f4be-1d3c-4cb7-8e60-340f2fffa6a4', '9a70f4be-1e46-4f4d-b3df-676a6ca30042'),
       ('9a70f697-a61e-41d2-94e1-e6149844fa3e', 'NUM003', '2023-10-23', 'Cocombo 33, Zvornik', '2023-11-07 00:19:00',
        'Cocombo 33, Zvornik', '2023-10-24 00:19:00', 'Cocombo 33, Zvornik', 'ADVANCE_PAYMENT', '2023-11-07 00:19:00',
        '1234d', 1696.00, 1696.00, 339.20, 0.00, 'SENT', 'PROFORMA', '2023-10-23 20:20:41', '2023-10-23 20:20:41',
        '9a3a93f0-7274-42d3-bd99-c140653690e6', '9a70f697-9f51-4bed-ab08-be9042401f04',
        '9a70f697-a21a-4b35-8352-7e9b7be50dd6', '9a70f697-a449-4617-9de1-07f04afac4cd');
INSERT INTO `invoice_items` (`id`, `name`, `unit`, `unit_price`, `quantity`, `base_amount`, `rebate`, `vat_price`,
                             `vat_percentage`, `total_price`, `image_url`, `created_at`, `updated_at`, `invoice_id`,
                             `good_or_service_id`)
VALUES ('9a580db1-e03f-44c3-8491-0cdfc0306c2f', 'Sample Item', 'Piece', 10.00, 5.00, 50.00, 5.00, 9.00, 20.00, 59.00,
        NULL, '2023-10-11 11:09:35', '2023-10-11 11:09:35', '9a580db1-ded6-479f-8f22-b44a88e57765', NULL),
       ('9a580db1-e3ff-44fb-89b8-9e055a7a0042', 'Product A', 'Piece', 15.00, 3.00, 45.00, 4.50, 8.10, 20.00, 53.10,
        'https://example.com/images/product_a.jpg', '2023-10-11 11:09:35', '2023-10-11 11:09:35',
        '9a580db1-ded6-479f-8f22-b44a88e57765', NULL),
       ('9a580db1-e514-4d38-819b-30c8717051ca', 'Service B', 'Hour', 75.00, 5.00, 375.00, 0.00, 75.00, 20.00, 450.00,
        'https://example.com/images/service_b.jpg', '2023-10-11 11:09:35', '2023-10-11 11:09:35',
        '9a580db1-ded6-479f-8f22-b44a88e57765', NULL),
       ('9a58167f-40ca-4993-a61d-2dda4e4bd8de', 'Sample Item', 'Piece', 10.00, 5.00, 50.00, 5.00, 9.00, 20.00, 59.00,
        NULL, '2023-10-11 11:34:12', '2023-10-11 11:34:12', '9a58167f-3f78-49a4-bdc9-3b5b47fda4b9', NULL),
       ('9a58167f-424c-4826-a796-0880521617f5', 'Product A', 'Piece', 15.00, 3.00, 45.00, 4.50, 8.10, 20.00, 53.10,
        'https://example.com/images/product_a.jpg', '2023-10-11 11:34:12', '2023-10-11 11:34:12',
        '9a58167f-3f78-49a4-bdc9-3b5b47fda4b9', NULL),
       ('9a58167f-4390-42ac-9136-360c596e70f6', 'Service B', 'Hour', 75.00, 5.00, 375.00, 0.00, 75.00, 20.00, 450.00,
        'https://example.com/images/service_b.jpg', '2023-10-11 11:34:12', '2023-10-11 11:34:12',
        '9a58167f-3f78-49a4-bdc9-3b5b47fda4b9', NULL),
       ('9a683808-9ae9-4030-951a-155129f1745a', 'Sample Item', 'Piece', 10.00, 5.00, 50.00, 5.00, 9.00, 20.00, 59.00,
        NULL, '2023-10-19 12:01:13', '2023-10-19 12:01:13', '9a683808-9816-408b-a27e-3440968bfcea', NULL),
       ('9a683808-9dae-46cc-b96e-a58a1bf2ed82', 'Product A', 'Piece', 15.00, 3.00, 45.00, 4.50, 8.10, 20.00, 53.10,
        'https://example.com/images/product_a.jpg', '2023-10-19 12:01:13', '2023-10-19 12:01:13',
        '9a683808-9816-408b-a27e-3440968bfcea', NULL),
       ('9a683808-9fc5-46ad-8242-cb8979d089c6', 'Service B', 'Hour', 75.00, 5.00, 375.00, 0.00, 75.00, 20.00, 450.00,
        'https://example.com/images/service_b.jpg', '2023-10-19 12:01:13', '2023-10-19 12:01:13',
        '9a683808-9816-408b-a27e-3440968bfcea', NULL),
       ('9a68380a-882d-4fb4-af95-34a3e7b72657', 'Sample Item', 'Piece', 10.00, 5.00, 50.00, 5.00, 9.00, 20.00, 59.00,
        NULL, '2023-10-19 12:01:14', '2023-10-19 12:01:14', '9a68380a-86b8-4b98-9b01-cb133213f6b3', NULL),
       ('9a68380a-8959-4701-be44-0be6918ba35c', 'Product A', 'Piece', 15.00, 3.00, 45.00, 4.50, 8.10, 20.00, 53.10,
        'https://example.com/images/product_a.jpg', '2023-10-19 12:01:14', '2023-10-19 12:01:14',
        '9a68380a-86b8-4b98-9b01-cb133213f6b3', NULL),
       ('9a68380a-8a6d-43ae-9d60-d3976d403a76', 'Service B', 'Hour', 75.00, 5.00, 375.00, 0.00, 75.00, 20.00, 450.00,
        'https://example.com/images/service_b.jpg', '2023-10-19 12:01:14', '2023-10-19 12:01:14',
        '9a68380a-86b8-4b98-9b01-cb133213f6b3', NULL),
       ('9a68380b-a176-4068-9934-4557b095e5ce', 'Sample Item', 'Piece', 10.00, 5.00, 50.00, 5.00, 9.00, 20.00, 59.00,
        NULL, '2023-10-19 12:01:15', '2023-10-19 12:01:15', '9a68380b-a04b-4b3d-8dc2-e5db83695c65', NULL),
       ('9a68380b-a293-44d9-9a65-3d889e3bd001', 'Product A', 'Piece', 15.00, 3.00, 45.00, 4.50, 8.10, 20.00, 53.10,
        'https://example.com/images/product_a.jpg', '2023-10-19 12:01:15', '2023-10-19 12:01:15',
        '9a68380b-a04b-4b3d-8dc2-e5db83695c65', NULL),
       ('9a68380b-a407-407f-bda2-de50acfe2d19', 'Service B', 'Hour', 75.00, 5.00, 375.00, 0.00, 75.00, 20.00, 450.00,
        'https://example.com/images/service_b.jpg', '2023-10-19 12:01:15', '2023-10-19 12:01:15',
        '9a68380b-a04b-4b3d-8dc2-e5db83695c65', NULL),
       ('9a68380c-d5c7-4cdd-9b67-215d925f4789', 'Sample Item', 'Piece', 10.00, 5.00, 50.00, 5.00, 9.00, 20.00, 59.00,
        NULL, '2023-10-19 12:01:16', '2023-10-19 12:01:16', '9a68380c-d36a-4c42-b96e-54ba6419641a', NULL),
       ('9a68380c-d7e2-4ce0-88c6-418d22af6c5d', 'Product A', 'Piece', 15.00, 3.00, 45.00, 4.50, 8.10, 20.00, 53.10,
        'https://example.com/images/product_a.jpg', '2023-10-19 12:01:16', '2023-10-19 12:01:16',
        '9a68380c-d36a-4c42-b96e-54ba6419641a', NULL),
       ('9a68380c-d9c2-4000-9d40-4859d85a5b7e', 'Service B', 'Hour', 75.00, 5.00, 375.00, 0.00, 75.00, 20.00, 450.00,
        'https://example.com/images/service_b.jpg', '2023-10-19 12:01:16', '2023-10-19 12:01:16',
        '9a68380c-d36a-4c42-b96e-54ba6419641a', NULL),
       ('9a68380d-fcfc-4c85-9234-4e4e57862fa0', 'Sample Item', 'Piece', 10.00, 5.00, 50.00, 5.00, 9.00, 20.00, 59.00,
        NULL, '2023-10-19 12:01:17', '2023-10-19 12:01:17', '9a68380d-fa6b-42fc-a46a-78dbfab4cd7d', NULL),
       ('9a68380d-ff27-4e77-a271-7d73f8bf9414', 'Product A', 'Piece', 15.00, 3.00, 45.00, 4.50, 8.10, 20.00, 53.10,
        'https://example.com/images/product_a.jpg', '2023-10-19 12:01:17', '2023-10-19 12:01:17',
        '9a68380d-fa6b-42fc-a46a-78dbfab4cd7d', NULL),
       ('9a68380e-0170-4b46-8bb4-2be1a4efe0fb', 'Service B', 'Hour', 75.00, 5.00, 375.00, 0.00, 75.00, 20.00, 450.00,
        'https://example.com/images/service_b.jpg', '2023-10-19 12:01:17', '2023-10-19 12:01:17',
        '9a68380d-fa6b-42fc-a46a-78dbfab4cd7d', NULL),
       ('9a68380f-03f2-4436-92dc-8b7aadcddf4a', 'Sample Item', 'Piece', 10.00, 5.00, 50.00, 5.00, 9.00, 20.00, 59.00,
        NULL, '2023-10-19 12:01:17', '2023-10-19 12:01:17', '9a68380f-01c9-40e4-b61a-c83e69e0b1b1', NULL),
       ('9a68380f-0777-40d2-bc46-e74cd68ae467', 'Product A', 'Piece', 15.00, 3.00, 45.00, 4.50, 8.10, 20.00, 53.10,
        'https://example.com/images/product_a.jpg', '2023-10-19 12:01:17', '2023-10-19 12:01:17',
        '9a68380f-01c9-40e4-b61a-c83e69e0b1b1', NULL),
       ('9a68380f-096d-496b-87c1-deb2a92c234a', 'Service B', 'Hour', 75.00, 5.00, 375.00, 0.00, 75.00, 20.00, 450.00,
        'https://example.com/images/service_b.jpg', '2023-10-19 12:01:17', '2023-10-19 12:01:17',
        '9a68380f-01c9-40e4-b61a-c83e69e0b1b1', NULL),
       ('9a683810-19d6-45fe-9906-a58a3f8f56e9', 'Sample Item', 'Piece', 10.00, 5.00, 50.00, 5.00, 9.00, 20.00, 59.00,
        NULL, '2023-10-19 12:01:18', '2023-10-19 12:01:18', '9a683810-1841-4fc7-ace1-0dcfbfe66d2c', NULL),
       ('9a683810-1b04-452c-947d-b7de0a7bb727', 'Product A', 'Piece', 15.00, 3.00, 45.00, 4.50, 8.10, 20.00, 53.10,
        'https://example.com/images/product_a.jpg', '2023-10-19 12:01:18', '2023-10-19 12:01:18',
        '9a683810-1841-4fc7-ace1-0dcfbfe66d2c', NULL),
       ('9a683810-1c68-4bae-94da-eb588788ea28', 'Service B', 'Hour', 75.00, 5.00, 375.00, 0.00, 75.00, 20.00, 450.00,
        'https://example.com/images/service_b.jpg', '2023-10-19 12:01:18', '2023-10-19 12:01:18',
        '9a683810-1841-4fc7-ace1-0dcfbfe66d2c', NULL),
       ('9a683811-1c3d-4e23-a19b-c8474e2f39a1', 'Sample Item', 'Piece', 10.00, 5.00, 50.00, 5.00, 9.00, 20.00, 59.00,
        NULL, '2023-10-19 12:01:19', '2023-10-19 12:01:19', '9a683811-19b8-498f-b1d1-a06cdbcc584c', NULL),
       ('9a683811-1e5f-403c-9128-f4e66d585770', 'Product A', 'Piece', 15.00, 3.00, 45.00, 4.50, 8.10, 20.00, 53.10,
        'https://example.com/images/product_a.jpg', '2023-10-19 12:01:19', '2023-10-19 12:01:19',
        '9a683811-19b8-498f-b1d1-a06cdbcc584c', NULL),
       ('9a683811-2038-4f35-ac4d-c78abe4f1f8d', 'Service B', 'Hour', 75.00, 5.00, 375.00, 0.00, 75.00, 20.00, 450.00,
        'https://example.com/images/service_b.jpg', '2023-10-19 12:01:19', '2023-10-19 12:01:19',
        '9a683811-19b8-498f-b1d1-a06cdbcc584c', NULL),
       ('9a683812-49de-411a-92e0-2a34b088aef7', 'Sample Item', 'Piece', 10.00, 5.00, 50.00, 5.00, 9.00, 20.00, 59.00,
        NULL, '2023-10-19 12:01:19', '2023-10-19 12:01:19', '9a683812-4826-4f6e-bd4f-5a9677e18040', NULL),
       ('9a683812-4b00-4afb-8159-ec911d5c6138', 'Product A', 'Piece', 15.00, 3.00, 45.00, 4.50, 8.10, 20.00, 53.10,
        'https://example.com/images/product_a.jpg', '2023-10-19 12:01:19', '2023-10-19 12:01:19',
        '9a683812-4826-4f6e-bd4f-5a9677e18040', NULL),
       ('9a683812-4c07-4b46-8265-08af56c3d0dc', 'Service B', 'Hour', 75.00, 5.00, 375.00, 0.00, 75.00, 20.00, 450.00,
        'https://example.com/images/service_b.jpg', '2023-10-19 12:01:19', '2023-10-19 12:01:19',
        '9a683812-4826-4f6e-bd4f-5a9677e18040', NULL),
       ('9a683813-2d43-428e-8e15-bdadfd405ccd', 'Sample Item', 'Piece', 10.00, 5.00, 50.00, 5.00, 9.00, 20.00, 59.00,
        NULL, '2023-10-19 12:01:20', '2023-10-19 12:01:20', '9a683813-2bab-4e89-be37-85a936145e0e', NULL),
       ('9a683813-2e52-4d1c-8a56-003831877f0a', 'Product A', 'Piece', 15.00, 3.00, 45.00, 4.50, 8.10, 20.00, 53.10,
        'https://example.com/images/product_a.jpg', '2023-10-19 12:01:20', '2023-10-19 12:01:20',
        '9a683813-2bab-4e89-be37-85a936145e0e', NULL),
       ('9a683813-2f6f-4432-a710-0f5ff11a6224', 'Service B', 'Hour', 75.00, 5.00, 375.00, 0.00, 75.00, 20.00, 450.00,
        'https://example.com/images/service_b.jpg', '2023-10-19 12:01:20', '2023-10-19 12:01:20',
        '9a683813-2bab-4e89-be37-85a936145e0e', NULL),
       ('9a683814-0e6c-443e-80d7-7acd0a3694f1', 'Sample Item', 'Piece', 10.00, 5.00, 50.00, 5.00, 9.00, 20.00, 59.00,
        NULL, '2023-10-19 12:01:21', '2023-10-19 12:01:21', '9a683814-0cf5-4c54-9625-f33c8951161a', NULL),
       ('9a683814-0fdd-4556-a5d4-5c43325a6d5a', 'Product A', 'Piece', 15.00, 3.00, 45.00, 4.50, 8.10, 20.00, 53.10,
        'https://example.com/images/product_a.jpg', '2023-10-19 12:01:21', '2023-10-19 12:01:21',
        '9a683814-0cf5-4c54-9625-f33c8951161a', NULL),
       ('9a683814-1119-4191-aec1-a9da1af6fef3', 'Service B', 'Hour', 75.00, 5.00, 375.00, 0.00, 75.00, 20.00, 450.00,
        'https://example.com/images/service_b.jpg', '2023-10-19 12:01:21', '2023-10-19 12:01:21',
        '9a683814-0cf5-4c54-9625-f33c8951161a', NULL),
       ('9a683815-0f39-4238-aca2-7e789bbe1b8e', 'Sample Item', 'Piece', 10.00, 5.00, 50.00, 5.00, 9.00, 20.00, 59.00,
        NULL, '2023-10-19 12:01:21', '2023-10-19 12:01:21', '9a683815-0dd3-439e-93cd-1626a4b0bdcb', NULL),
       ('9a683815-1101-40b0-952c-8af949df302d', 'Product A', 'Piece', 15.00, 3.00, 45.00, 4.50, 8.10, 20.00, 53.10,
        'https://example.com/images/product_a.jpg', '2023-10-19 12:01:21', '2023-10-19 12:01:21',
        '9a683815-0dd3-439e-93cd-1626a4b0bdcb', NULL),
       ('9a683815-1218-42a9-aa1c-8cf583fa5be8', 'Service B', 'Hour', 75.00, 5.00, 375.00, 0.00, 75.00, 20.00, 450.00,
        'https://example.com/images/service_b.jpg', '2023-10-19 12:01:21', '2023-10-19 12:01:21',
        '9a683815-0dd3-439e-93cd-1626a4b0bdcb', NULL),
       ('9a683816-2b0e-4d68-b0bd-67adf1b69402', 'Sample Item', 'Piece', 10.00, 5.00, 50.00, 5.00, 9.00, 20.00, 59.00,
        NULL, '2023-10-19 12:01:22', '2023-10-19 12:01:22', '9a683816-2978-4bf9-9c59-85c7f4ec33d7', NULL),
       ('9a683816-2ca1-419e-ac75-12da43f439c0', 'Product A', 'Piece', 15.00, 3.00, 45.00, 4.50, 8.10, 20.00, 53.10,
        'https://example.com/images/product_a.jpg', '2023-10-19 12:01:22', '2023-10-19 12:01:22',
        '9a683816-2978-4bf9-9c59-85c7f4ec33d7', NULL),
       ('9a683816-2dc6-4916-bb8c-95619fcabdf0', 'Service B', 'Hour', 75.00, 5.00, 375.00, 0.00, 75.00, 20.00, 450.00,
        'https://example.com/images/service_b.jpg', '2023-10-19 12:01:22', '2023-10-19 12:01:22',
        '9a683816-2978-4bf9-9c59-85c7f4ec33d7', NULL),
       ('9a683817-332c-4626-a672-613d123f7cec', 'Sample Item', 'Piece', 10.00, 5.00, 50.00, 5.00, 9.00, 20.00, 59.00,
        NULL, '2023-10-19 12:01:23', '2023-10-19 12:01:23', '9a683817-31cb-479d-88da-3f6a6cdd5804', NULL),
       ('9a683817-3453-4cfe-aebb-5ee396fc3b42', 'Product A', 'Piece', 15.00, 3.00, 45.00, 4.50, 8.10, 20.00, 53.10,
        'https://example.com/images/product_a.jpg', '2023-10-19 12:01:23', '2023-10-19 12:01:23',
        '9a683817-31cb-479d-88da-3f6a6cdd5804', NULL),
       ('9a683817-358c-4031-bde8-e5d674104cb8', 'Service B', 'Hour', 75.00, 5.00, 375.00, 0.00, 75.00, 20.00, 450.00,
        'https://example.com/images/service_b.jpg', '2023-10-19 12:01:23', '2023-10-19 12:01:23',
        '9a683817-31cb-479d-88da-3f6a6cdd5804', NULL),
       ('9a683818-37b7-482d-979d-2d8bc9c56006', 'Sample Item', 'Piece', 10.00, 5.00, 50.00, 5.00, 9.00, 20.00, 59.00,
        NULL, '2023-10-19 12:01:23', '2023-10-19 12:01:23', '9a683818-366a-4da3-aafc-06abc75f40bd', NULL),
       ('9a683818-38cd-46a6-ac93-d9dcd2d539e0', 'Product A', 'Piece', 15.00, 3.00, 45.00, 4.50, 8.10, 20.00, 53.10,
        'https://example.com/images/product_a.jpg', '2023-10-19 12:01:23', '2023-10-19 12:01:23',
        '9a683818-366a-4da3-aafc-06abc75f40bd', NULL),
       ('9a683818-39d6-414f-a44f-8952311a2785', 'Service B', 'Hour', 75.00, 5.00, 375.00, 0.00, 75.00, 20.00, 450.00,
        'https://example.com/images/service_b.jpg', '2023-10-19 12:01:23', '2023-10-19 12:01:23',
        '9a683818-366a-4da3-aafc-06abc75f40bd', NULL),
       ('9a683819-4d84-41f1-b034-4087559a7409', 'Sample Item', 'Piece', 10.00, 5.00, 50.00, 5.00, 9.00, 20.00, 59.00,
        NULL, '2023-10-19 12:01:24', '2023-10-19 12:01:24', '9a683819-4b2b-4647-a639-4998822e84f9', NULL),
       ('9a683819-4fa8-412f-aab4-079c831a7d6d', 'Product A', 'Piece', 15.00, 3.00, 45.00, 4.50, 8.10, 20.00, 53.10,
        'https://example.com/images/product_a.jpg', '2023-10-19 12:01:24', '2023-10-19 12:01:24',
        '9a683819-4b2b-4647-a639-4998822e84f9', NULL),
       ('9a683819-50f5-4a8d-b5f9-c88587992457', 'Service B', 'Hour', 75.00, 5.00, 375.00, 0.00, 75.00, 20.00, 450.00,
        'https://example.com/images/service_b.jpg', '2023-10-19 12:01:24', '2023-10-19 12:01:24',
        '9a683819-4b2b-4647-a639-4998822e84f9', NULL),
       ('9a686a66-c9ba-430b-893a-7da46b8dceb5', 'Olovke', 'komad', 54.00, 1.00, 54.00, 25.00, 8.70, 30.00, 62.70,
        'http://www.img1.com', '2023-10-19 14:22:03', '2023-10-19 14:22:03', '9a686a66-c708-470f-a805-3907ef18efaf',
        NULL),
       ('9a686acf-4d18-4b11-89be-64c32324f31c', 'Olovke', 'komad', 54.00, 1.00, 54.00, 25.00, 8.70, 30.00, 62.70,
        'http://www.img1.com', '2023-10-19 14:23:12', '2023-10-19 14:23:12', '9a686acf-4bba-4db0-9c91-41cc980ea0e2',
        NULL),
       ('9a686b06-682a-4eeb-a192-a51c7c56cbc7', 'Olovke', 'komad', 54.00, 1.00, 54.00, 25.00, 8.70, 30.00, 62.70,
        'http://www.img1.com', '2023-10-19 14:23:48', '2023-10-19 14:23:48', '9a686b06-6633-4452-8181-9c3f347e9ac4',
        NULL),
       ('9a686c6c-6933-49b3-a421-18d258fabfb7', 'Olovke', 'komad', 54.00, 1.00, 54.00, 25.00, 8.70, 30.00, 62.70,
        'http://www.img1.com', '2023-10-19 14:27:43', '2023-10-19 14:27:43', '9a686c6c-66f6-41ad-8e54-0959bffa3464',
        NULL),
       ('9a686c6c-6acd-4da2-a3c8-d76d8eabd5d7', 'Gumice', 'komad', 70.00, 40.00, 2800.00, 0.00, 560.00, 20.00, 3360.00,
        NULL, '2023-10-19 14:27:43', '2023-10-19 14:27:43', '9a686c6c-66f6-41ad-8e54-0959bffa3464', NULL),
       ('9a686d99-c822-44ca-8edd-a7fc33f65264', 'Racunar', 'kom', 1000.00, 5.00, 5000.00, 0.00, 1000.00, 20.00, 6000.00,
        NULL, '2023-10-19 14:31:00', '2023-10-19 14:31:00', '9a686d99-c4f4-4353-9271-f0f2bdd95fb3', NULL),
       ('9a686d99-ca61-4fd2-83c5-db22506da38b', 'Misevi', 'kom', 500.00, 10.00, 5000.00, 0.00, 1000.00, 20.00, 6000.00,
        NULL, '2023-10-19 14:31:00', '2023-10-19 14:31:00', '9a686d99-c4f4-4353-9271-f0f2bdd95fb3', NULL),
       ('9a70f4be-23dc-4869-8513-4faeb1e9c44b', 'Perace', '5', 3.00, 1.00, 3.00, 0.00, 0.60, 20.00, 3.60, NULL,
        '2023-10-23 20:15:31', '2023-10-23 20:15:31', '9a70f4be-20a9-4fec-8f78-b422e24b3354', NULL),
       ('9a70f697-a839-4179-a36b-8639538c017f', 'Racunar', '5', 60.00, 1.00, 60.00, 0.00, 12.00, 20.00, 72.00, NULL,
        '2023-10-23 20:20:41', '2023-10-23 20:20:41', '9a70f697-a61e-41d2-94e1-e6149844fa3e', NULL),
       ('9a70f697-aa46-4bf2-a9bc-071fcb36b74c', 'Crayon', '3245', 4.00, 409.00, 1636.00, 0.00, 327.20, 20.00, 1963.20,
        NULL, '2023-10-23 20:20:41', '2023-10-23 20:20:41', '9a70f697-a61e-41d2-94e1-e6149844fa3e', NULL);
